code,play_count
DBme41XOubk,96316602
DBmg-kyOsu3,47726061
DAp46xaupHH,43031476
DBmmiY-u_72,39124006
DBmitOtuab3,36915324
DAOifjOAuEG,36595621
DBmcccZOF4s,35514226
DBmLSxiuW4j,32726010
DBmV_ORuWTK,32687386
DBrXpVfuxDx,31158455
DATIqFkgM3C,29017526
DAmK4e7O_w6,28169389
DA6u7DTgM_a,28054879
DBW_PG7uQW9,27398153
DBe2nzqOvci,27317440
DBmk84WO3vT,25395578
DBV5utIuORC,24839509
DBbfTpnIx1_,23743687
DBldPwgOlCq,23259632
DAotT4SuOWY,22699949
DAUAIWnIZ_9,22618406
DA_xk2MguPu,22112798
DBt6KLVImPz,22024420
DBe1nbJOabW,21742006
DBrt3OEuzZl,20545140
C_8uGaJO6OE,20438076
DBN0fqGCXlp,19905877
DBrxJbwOyfH,19608735
DBCIsWvug1j,19196074
DAWeYkCOHlP,18842366
DA8-KvaunqO,18700860
DBodhwgAuoI,17831236
DBmdjXMOo_Z,17410039
DBJOXppujj1,17277753
DAbwBSFOQHu,16820127
DBQ-ZqSCtV8,16510136
DA3JUjuOvKH,16402459
DAyalszAClh,16112894
DA5xlttAn6R,15683317
DAWnwbRuhCh,15659789
DAsdq3kO-5H,15082266
DAijA1ngHTT,15065745
DBtshfNAQdn,14293681
DBXGEMZOKtr,14285397
DBjGR0pAEXv,14256538
DBTxDN0oTAd,14213185
DBfH9xDoz3a,14153785
DAbTB-nARWu,13988518
DBFCGJZOSQL,13887426
DAoEcs9g1-5,13852689
DAJR8HFI_Na,13371425
DAt28hZAoA_,13251040
DADtsoBA5bk,13146542
DBhJSMdO41h,13060793
DAdRcwEuHhy,13040358
DBnlG5IIvPF,12952336
DBm1Lz9IGn5,12791383
DBm6vB0oLBm,12733480
DBoDzUCuqQh,12588402
DAO04JUuid9,12406812
DAObhvuApKk,12400500
DAyewbhg7CK,12306351
DALcH3PgtCz,12303849
DAAi5zntPSV,12101403
DAq9e55o6Vv,12083037
DAagUgluTDY,12069446
DBhWxwsONXI,11817523
DAYyzktoLbR,11713068
DBrevaROBAD,11576041
DBRYEIqopSv,11431444
DBGNnReO3Kr,11130238
C_8YApEgIl0,11125705
DA0nKIFAD7x,11030394
DAMG0rQuGuB,10522428
DBUC6k-Afnu,10363328
DBl-UAlgrO2,10355329
DBviARWucal,10280360
DA-s6FpuGej,9926262
DBW4AM5ulZf,9913818
DAnbYcxO1s7,9847660
DA8QjBOOTIP,9836072
DAyUgV8AP2w,9517069
DBfLzn9IGcM,9504096
DAYYXqHgOOU,9430597
DAyYTG0gUzy,9348889
DAArd9VNENT,9239820
DBZad05u4O8,9141939
DBwRQCggVx7,8989048
DAS0d4mufB6,8790104
DA6Fpuwg5zS,8586616
DAOtHoSOy4M,8378776
DBOWgB3Cm7Z,8344678
DAnj82fOnmC,8151174
DAjWeDJiTy1,7865267
DAOSFikI1hA,7327607
DBHSSqvRrIo,7245606
DBRJ9AGA_7h,7102548
DBebeMRuHZN,7034283
DAvCaGAgW6K,6358050
DBEfxSUijnA,6353845
DAv9x3LgcTX,6289840
DAGVH4gAJw-,6156799
DAVuBCjukfk,6134237
DBjU3UXIB_3,6071332
DBibfoUNel0,5914079
DAdw9fmAkr5,5759309
DBbq1UQguZP,5720152
DA77-DDOynw,5179577
